HIST106 0101 |Marsha Rozenblit|
HIST110 0101 |Arthur Eckstein|
HIST110 0102 |Arthur Eckstein|
HIST110 0103 |Arthur Eckstein|
HIST110 0104 |Arthur Eckstein|
HIST110 0105 |Arthur Eckstein|
HIST110 0106 |Arthur Eckstein|
HIST110 0107 |Arthur Eckstein|
HIST110 0108 |Arthur Eckstein|
HIST111 0101 |Marie Ito|
HIST111 0102 |Marie Ito|
HIST111 0103 |Marie Ito|
HIST111 0104 |Marie Ito|
HIST111 0105 |Marie Ito|
HIST111 0106 |Marie Ito|
HIST111 0107 |Marie Ito|
HIST111 0108 |Marie Ito|
HIST113 0101 |Jeffrey Herf|
HIST113 0102 |Jeffrey Herf|
HIST113 0103 |Jeffrey Herf|
HIST113 0104 |Jeffrey Herf|
HIST120 0101 |Antoine Borrut|
HIST120 0102 |Antoine Borrut|
HIST120 0103 |Antoine Borrut|
HIST120 0104 |Antoine Borrut|
HIST133 0101 |Janna Bianchini|
HIST133 0102 |Janna Bianchini|
HIST133 0103 |Janna Bianchini|
HIST133 0104 |Janna Bianchini|
HIST133 0105 |Janna Bianchini|
HIST133 0106 |Janna Bianchini|
HIST133 FC01 |Janna Bianchini|
HIST134 0101 |Michael Ross|
HIST134 0102 |Michael Ross|
HIST134 0103 |Michael Ross|
HIST134 0104 |Michael Ross|
HIST134 0105 |Michael Ross|
HIST134 0106 |Michael Ross|
HIST200 0101 |Ira Berlin|
HIST200 0102 |Ira Berlin|
HIST200 0103 |Ira Berlin|
HIST200 0104 |Ira Berlin|
HIST200 0105 |Ira Berlin|
HIST200 0106 |Ira Berlin|
HIST200 0107 |Ira Berlin|
HIST200 0108 |Ira Berlin|
HIST200 0109 |Ira Berlin|
HIST200 0110 |Ira Berlin|
HIST200 0111 |Ira Berlin|
HIST200 0112 |Ira Berlin|
HIST200 FC01 |Paul Gibson|
HIST201 0101 |Howard Smead|
HIST201 0102 |Howard Smead|
HIST201 0103 |Howard Smead|
HIST201 0104 |Howard Smead|
HIST201 0105 |Howard Smead|
HIST201 0106 |Howard Smead|
HIST201 0107 |Howard Smead|
HIST201 0108 |Howard Smead|
HIST201 0109 |Howard Smead|
HIST201 0110 |Howard Smead|
HIST201 0111 |Howard Smead|
HIST201 0112 |Howard Smead|
HIST201 0201 |Katarina Keane|
HIST201 0202 |Katarina Keane|
HIST201 0203 |Katarina Keane|
HIST201 0204 |Katarina Keane|
HIST201 0205 |Katarina Keane|
HIST201 0206 |Katarina Keane|
HIST201 0207 |Katarina Keane|
HIST201 0208 |Katarina Keane|
HIST201 FC01 |Donald McNeilly|
HIST201 FC02 |Robert Chiles|
HIST204 0101 |David Tomblin|
HIST204 0102 |David Tomblin|
HIST204 0103 |David Tomblin|
HIST204 0104 |David Tomblin|
HIST204 FC01 |Vincent Houghton|
HIST208C 0101 |William Burghart|
HIST208C 0201 |William Burghart|
HIST208I 0101 |Paul Gibson|
HIST208L 0101 |Allison Finkelstein|
HIST208L 0201 |Allison Finkelstein|
HIST208M 0101 |Cathleen Brennan|
HIST208T 0101 |Daniel Richter|
HIST208T 0201 |Daniel Richter|
HIST213 FC01 |Cathleen Brennan|
HIST215 0101 |Sabrina Baron|
HIST215 0102 |Sabrina Baron|
HIST215 0103 |Sabrina Baron|
HIST215 0104 |Sabrina Baron|
HIST220 0101 |Alejandro Caneque|
HIST221 0101 |Lisa Mar|
HIST221 0102 |Lisa Mar|
HIST221 0103 |Lisa Mar|
HIST221 0104 |Lisa Mar|
HIST224 0101 |Nicholas Lambert|
HIST224 0102 |Nicholas Lambert|
HIST224 0103 |Nicholas Lambert|
HIST224 0104 |Nicholas Lambert|
HIST224 0105 |Nicholas Lambert|
HIST224 0106 |Nicholas Lambert|
HIST224 0107 |Nicholas Lambert|
HIST224 0108 |Nicholas Lambert|
HIST233 0101 |Anne Rush|
HIST233 FC01 |Anne Rush|
HIST250 0101 |Shari Orisich|
HIST255 0101 |Elsa Barkley Brown|
HIST255 0102 |Elsa Barkley Brown|
HIST255 0103 |Elsa Barkley Brown|
HIST255 0104 |Elsa Barkley Brown|
HIST266 0101 |Colleen Woods|
HIST282 0101 |Bernard Cooperman|
HIST282 0102 |Bernard Cooperman|
HIST282 0103 |Bernard Cooperman|
HIST282 0104 |Bernard Cooperman|
HIST284 0101 |Charles Lilley|
HIST284 0102 |Charles Lilley|
HIST284 0103 |Charles Lilley|
HIST284 0104 |Charles Lilley|
HIST289C 0101 |Kenneth Holum|
HIST289C 0102 |Kenneth Holum|
HIST289C 0103 |Kenneth Holum|
HIST289R 0101 |Katarina Keane|
HIST289R 0102 |Katarina Keane|
HIST289R 0103 |Katarina Keane|
HIST289R 0104 |Katarina Keane|
HIST289R 0105 |Katarina Keane|
HIST289R 0106 |Katarina Keane|
HIST289R FC01 |Katarina Keane|
HIST306 0101 |Miles Bradbury|
HIST310 0101 |<a href="http://www.wam.umd.edu/history.umd.edu/Faculty/Landau/" target="_blank">Paul Landau</a>|
HIST324 0101 |Kenneth Holum|
HIST325 0101 |Arthur Eckstein|
HIST329E 0101 |Elsa Barkley Brown|
HIST331 0101 |Janna Bianchini|
HIST332 0101 |Sabrina Baron|
HIST352 0101 |Miles Bradbury|
HIST354 0101 |Donald McNeilly|
HIST355 0101 |Emily Landau|
HIST356 0101 |Robert Chiles|
HIST357 0101 |Howard Smead|
HIST376 0101 |Joseph Ringel|
HIST395 0101 |Holly Brewer|
HIST398 0101 |Holly Brewer|
HIST398 0201 |Holly Brewer|
HIST399 0101 |Holly Brewer|
HIST404 0101 |Lindley Darden|
HIST408B 0101 |Robyn Muncy|
HIST408D 0101 |Mikhail Dolbilov|
HIST408F 0101 |Alan Dillingham|
HIST408G 0101 |Sarah Cameron|
HIST408P 0101 |Piotr H Kosicki|
HIST408V 0101 |Lisa Mar|
HIST408W 0101 |Leslie Rowland|
HIST416 0101 |<a href="http://www.wam.umd.edu/history.umd.edu/Faculty/Landau/" target="_blank">Paul Landau</a>|
HIST418D 0101 |Rachel Manekin|
HIST419O 0101 |David Sartorius|
HIST419P 0101 |Mikhail Dolbilov|
HIST428T 0101 |Thomas Zeller|
HIST429A 0101 |Julie Taddeo|
HIST429O 0101 |Sarah Cameron|
HIST429R 0101 |Jeffrey Herf|
HIST429X 0101 |Rachel Manekin|
HIST429Y 0101 |Antoine Borrut|
HIST430 0101 |Sabrina Baron|
HIST436 0101 |Donald Sutherland|
HIST447 0101 |Donald Sutherland|
HIST454 0101 |Michael Ross|
HIST467 0101 |Christina Larocco|
HIST475 0101 |Alan Dillingham|
HIST481 0101 |James Gao|
HIST482 0101 |Charles Lilley|
HIST484 0101 |James Gao|
HIST491 0101 |Madeline Zilfi|
